frame,label
000000.jpg,1
000001.jpg,1
000002.jpg,1
000003.jpg,1
000004.jpg,1
000005.jpg,1
000006.jpg,1
000007.jpg,1
000008.jpg,1
000009.jpg,1
000010.jpg,1
000011.jpg,2
000012.jpg,1
000013.jpg,1
000014.jpg,2
000015.jpg,2
000016.jpg,2
000017.jpg,2
000018.jpg,1
000019.jpg,2
000020.jpg,2
000021.jpg,2
000022.jpg,2
000023.jpg,1
000024.jpg,2
000025.jpg,2
000026.jpg,1
000027.jpg,2
000028.jpg,2
000029.jpg,2
000030.jpg,2
000031.jpg,2
000032.jpg,2
000033.jpg,1
000034.jpg,2
000035.jpg,2
000036.jpg,2
000037.jpg,2
000038.jpg,2
000039.jpg,2
000040.jpg,2
000041.jpg,2
000042.jpg,2
000043.jpg,2
000044.jpg,2
000045.jpg,2
000046.jpg,1
000047.jpg,1
000048.jpg,2
000049.jpg,1
000050.jpg,1
000051.jpg,2
000052.jpg,1
000053.jpg,1
000054.jpg,2
000055.jpg,2
000056.jpg,2
000057.jpg,2
000058.jpg,2
000059.jpg,2
000060.jpg,2
000061.jpg,2
000062.jpg,2
000063.jpg,2
000064.jpg,1
000065.jpg,2
000066.jpg,2
000067.jpg,2
000068.jpg,2
000069.jpg,2
000070.jpg,2
000071.jpg,2
000072.jpg,2
000073.jpg,1
000074.jpg,1
000075.jpg,2
000076.jpg,1
000077.jpg,1
000078.jpg,2
000079.jpg,1
000080.jpg,1
000081.jpg,1
000082.jpg,1
000083.jpg,1
000084.jpg,1
000085.jpg,1
000086.jpg,1
000087.jpg,2
000088.jpg,1
000089.jpg,1
000090.jpg,1
000091.jpg,2
000092.jpg,1
000093.jpg,1
000094.jpg,1
000095.jpg,1
000096.jpg,1
000097.jpg,1
000098.jpg,1
000099.jpg,1
000100.jpg,1
000101.jpg,1
000102.jpg,1
000103.jpg,1
000104.jpg,1
000105.jpg,1
000106.jpg,1
000107.jpg,1
000108.jpg,1
000109.jpg,1
000110.jpg,1
000111.jpg,1
000112.jpg,1
000113.jpg,1
000114.jpg,2
000115.jpg,2
000116.jpg,2
000117.jpg,2
000118.jpg,2
000119.jpg,2
000120.jpg,2
000121.jpg,2
000122.jpg,2
000123.jpg,2
000124.jpg,2
000125.jpg,1
000126.jpg,1
000127.jpg,2
000128.jpg,2
000129.jpg,2
000130.jpg,2
000131.jpg,2
000132.jpg,2
000133.jpg,2
000134.jpg,2
000135.jpg,1
000136.jpg,1
000137.jpg,1
000138.jpg,2
000139.jpg,2
000140.jpg,1
000141.jpg,1
000142.jpg,1
000143.jpg,1
000144.jpg,1
000145.jpg,2
000146.jpg,2
000147.jpg,2
000148.jpg,2
000149.jpg,2
000150.jpg,2
000151.jpg,2
000152.jpg,1
000153.jpg,1
000154.jpg,2
000155.jpg,2
000156.jpg,2
000157.jpg,1
000158.jpg,2
000159.jpg,2
000160.jpg,2
000161.jpg,2
000162.jpg,2
000163.jpg,2
000164.jpg,2
000165.jpg,2
000166.jpg,2
000167.jpg,1
000168.jpg,1
000169.jpg,1
000170.jpg,2
000171.jpg,2
000172.jpg,2
000173.jpg,2
000174.jpg,2
000175.jpg,2
000176.jpg,2
000177.jpg,2
000178.jpg,1
000179.jpg,1
000180.jpg,1
000181.jpg,1
000182.jpg,1
000183.jpg,2
000184.jpg,1
000185.jpg,2
000186.jpg,2
000187.jpg,2
000188.jpg,2
000189.jpg,2
000190.jpg,2
000191.jpg,2
000192.jpg,2
000193.jpg,2
000194.jpg,1
000195.jpg,1
000196.jpg,2
000197.jpg,1
000198.jpg,1
000199.jpg,1
000200.jpg,2
000201.jpg,2
000202.jpg,2
000203.jpg,2
000204.jpg,2
000205.jpg,2
000206.jpg,2
000207.jpg,2
000208.jpg,2
000209.jpg,2
000210.jpg,2
000211.jpg,2
000212.jpg,1
000213.jpg,2
000214.jpg,2
000215.jpg,2
000216.jpg,2
000217.jpg,2
000218.jpg,2
000219.jpg,2
000220.jpg,2
000221.jpg,1
000222.jpg,2
000223.jpg,1
000224.jpg,1
000225.jpg,2
000226.jpg,2
000227.jpg,2
000228.jpg,2
000229.jpg,1
000230.jpg,1
000231.jpg,1
000232.jpg,2
000233.jpg,1
000234.jpg,1
000235.jpg,2
000236.jpg,1
000237.jpg,1
000238.jpg,2
000239.jpg,2
000240.jpg,1
000241.jpg,1
000242.jpg,1
000243.jpg,1
000244.jpg,1
000245.jpg,1
000246.jpg,1
000247.jpg,1
000248.jpg,1
000249.jpg,1
000250.jpg,1
000251.jpg,1
000252.jpg,1
000253.jpg,1
000254.jpg,1
000255.jpg,1
000256.jpg,2
000257.jpg,1
000258.jpg,1
000259.jpg,1
000260.jpg,1
000261.jpg,2
000262.jpg,1
000263.jpg,2
000264.jpg,1
000265.jpg,1
000266.jpg,1
000267.jpg,1
000268.jpg,2
000269.jpg,2
000270.jpg,2
000271.jpg,2
000272.jpg,2
000273.jpg,1
000274.jpg,2
000275.jpg,2
000276.jpg,2
000277.jpg,1
000278.jpg,2
000279.jpg,2
000280.jpg,1
000281.jpg,1
000282.jpg,1
000283.jpg,1
000284.jpg,2
000285.jpg,1
000286.jpg,1
000287.jpg,2
000288.jpg,1
000289.jpg,1
000290.jpg,2
000291.jpg,1
000292.jpg,2
000293.jpg,2
000294.jpg,2
000295.jpg,2
000296.jpg,2
000297.jpg,1
000298.jpg,1
000299.jpg,1
000300.jpg,0
000301.jpg,0
000302.jpg,0
000303.jpg,1
000304.jpg,1
000305.jpg,1
000306.jpg,0
000307.jpg,1
000308.jpg,2
000309.jpg,1
000310.jpg,2
000311.jpg,2
000312.jpg,2
000313.jpg,1
000314.jpg,1
000315.jpg,1
000316.jpg,1
000317.jpg,2
000318.jpg,1
000319.jpg,1
000320.jpg,2
000321.jpg,1
000322.jpg,2
000323.jpg,2
000324.jpg,2
000325.jpg,1
000326.jpg,1
000327.jpg,2
000328.jpg,2
000329.jpg,2
000330.jpg,2
000331.jpg,1
000332.jpg,1
000333.jpg,1
000334.jpg,1
000335.jpg,2
000336.jpg,2
000337.jpg,1
000338.jpg,1
000339.jpg,1
000340.jpg,1
000341.jpg,1
000342.jpg,1
000343.jpg,1
000344.jpg,1
000345.jpg,1
000346.jpg,1
000347.jpg,1
000348.jpg,1
000349.jpg,1
000350.jpg,1
000351.jpg,1
000352.jpg,1
000353.jpg,1
000354.jpg,1
000355.jpg,1
000356.jpg,2
000357.jpg,2
000358.jpg,2
000359.jpg,2
000360.jpg,2
000361.jpg,2
000362.jpg,2
000363.jpg,2
000364.jpg,2
000365.jpg,2
000366.jpg,2
000367.jpg,2
000368.jpg,2
000369.jpg,2
000370.jpg,2
000371.jpg,2
000372.jpg,2
000373.jpg,2
000374.jpg,2
000375.jpg,2
000376.jpg,2
000377.jpg,2
000378.jpg,2
000379.jpg,2
000380.jpg,2
000381.jpg,2
000382.jpg,2
000383.jpg,2
000384.jpg,2
000385.jpg,2
000386.jpg,2
000387.jpg,2
000388.jpg,2
000389.jpg,2
000390.jpg,2
000391.jpg,2
000392.jpg,2
000393.jpg,2
000394.jpg,2
000395.jpg,2
000396.jpg,2
000397.jpg,2
000398.jpg,2
000399.jpg,1
000400.jpg,1
000401.jpg,2
000402.jpg,2
000403.jpg,2
000404.jpg,2
000405.jpg,2
000406.jpg,2
000407.jpg,2
000408.jpg,2
000409.jpg,2
000410.jpg,2
000411.jpg,1
000412.jpg,2
000413.jpg,1
000414.jpg,1
000415.jpg,1
000416.jpg,1
000417.jpg,2
000418.jpg,2
000419.jpg,1
000420.jpg,1
000421.jpg,1
000422.jpg,2
000423.jpg,1
000424.jpg,1
000425.jpg,1
000426.jpg,2
000427.jpg,2
000428.jpg,1
000429.jpg,1
000430.jpg,1
000431.jpg,1
000432.jpg,1
000433.jpg,1
000434.jpg,1
000435.jpg,1
000436.jpg,1
000437.jpg,2
000438.jpg,1
000439.jpg,1
000440.jpg,1
000441.jpg,2
000442.jpg,1
000443.jpg,1
000444.jpg,1
000445.jpg,1
000446.jpg,2
000447.jpg,1
000448.jpg,1
000449.jpg,2
000450.jpg,1
000451.jpg,1
000452.jpg,2
000453.jpg,2
000454.jpg,1
000455.jpg,1
000456.jpg,1
000457.jpg,1
000458.jpg,2
000459.jpg,1
000460.jpg,1
000461.jpg,1
000462.jpg,1
000463.jpg,1
000464.jpg,2
000465.jpg,2
000466.jpg,1
000467.jpg,1
000468.jpg,2
000469.jpg,1
000470.jpg,1
000471.jpg,1
000472.jpg,2
000473.jpg,1
000474.jpg,1
000475.jpg,1
000476.jpg,2
000477.jpg,1
000478.jpg,1
000479.jpg,1
000480.jpg,1
000481.jpg,2
000482.jpg,2
000483.jpg,2
000484.jpg,2
000485.jpg,2
000486.jpg,2
000487.jpg,2
000488.jpg,1
000489.jpg,1
000490.jpg,2
000491.jpg,2
000492.jpg,2
000493.jpg,2
000494.jpg,2
000495.jpg,1
000496.jpg,2
000497.jpg,1
000498.jpg,1
000499.jpg,2
000500.jpg,2
000501.jpg,2
000502.jpg,2
000503.jpg,2
000504.jpg,2
000505.jpg,2
000506.jpg,2
000507.jpg,2
000508.jpg,2
000509.jpg,2
000510.jpg,1
000511.jpg,1
000512.jpg,2
000513.jpg,2
000514.jpg,2
000515.jpg,2
000516.jpg,2
000517.jpg,2
000518.jpg,2
000519.jpg,1
000520.jpg,1
000521.jpg,2
000522.jpg,2
000523.jpg,1
000524.jpg,1
000525.jpg,1
000526.jpg,1
000527.jpg,1
